title,thumbnail,product_url,aff_url,link_tag,price,seller
FC2-PPV-4728941 【現〇】デカ尻/いも〇と系グラドル第2章。華やかな表舞台の裏の顔は大量潮吹きをするスケベな女./良。この後、事務所解雇されました。。。,https://storage200000.contents.fc2.com/file/385/38454154/1752829260.76.jpg,https://adult.contents.fc2.com/article/4728941/,https://adult.contents.fc2.com/article/4728941/?affuid=TXpnM01qYzFNalk9,"<a href=""https://adult.contents.fc2.com/article/4728941/?affuid=TXpnM01qYzFNalk9"" target=""_blank"" rel=""noopener""><img src=""https://storage200000.contents.fc2.com/file/385/38454154/1752829260.76.jpg"" alt=""FC2-PPV-4728941 【現〇】デカ尻/いも〇と系グラドル第2章。華やかな表舞台の裏の顔は大量潮吹きをするスケベな女./良。この後、事務所解雇されました。。。""></a>",,
,,https://adult.contents.fc2.com/article/4730632/,https://adult.contents.fc2.com/article/4730632/?affuid=TXpnM01qYzFNalk9,"<a href=""https://adult.contents.fc2.com/article/4730632/?affuid=TXpnM01qYzFNalk9"" target=""_blank"" rel=""noopener""><img src="""" alt=""""></a>",,
,,https://adult.contents.fc2.com/article/4731463/,https://adult.contents.fc2.com/article/4731463/?affuid=TXpnM01qYzFNalk9,"<a href=""https://adult.contents.fc2.com/article/4731463/?affuid=TXpnM01qYzFNalk9"" target=""_blank"" rel=""noopener""><img src="""" alt=""""></a>",,
,,https://adult.contents.fc2.com/article/4733095/,https://adult.contents.fc2.com/article/4733095/?affuid=TXpnM01qYzFNalk9,"<a href=""https://adult.contents.fc2.com/article/4733095/?affuid=TXpnM01qYzFNalk9"" target=""_blank"" rel=""noopener""><img src="""" alt=""""></a>",,
,,https://adult.contents.fc2.com/article/4734594/,https://adult.contents.fc2.com/article/4734594/?affuid=TXpnM01qYzFNalk9,"<a href=""https://adult.contents.fc2.com/article/4734594/?affuid=TXpnM01qYzFNalk9"" target=""_blank"" rel=""noopener""><img src="""" alt=""""></a>",,
FC2-PPV-4736949 本日迄！半額！【初撮り】抱きしめたくなる程に華奢で可愛い。彼氏もいなくて恋に臆病な女大生は、実はチンポが大好き！！変態むっつり女を生チンポ中出し教育です。,https://storage200000.contents.fc2.com/file/385/38454154/1754039983.27.jpg,https://adult.contents.fc2.com/article/4736949/,https://adult.contents.fc2.com/article/4736949/?affuid=TXpnM01qYzFNalk9,"<a href=""https://adult.contents.fc2.com/article/4736949/?affuid=TXpnM01qYzFNalk9"" target=""_blank"" rel=""noopener""><img src=""https://storage200000.contents.fc2.com/file/385/38454154/1754039983.27.jpg"" alt=""FC2-PPV-4736949 本日迄！半額！【初撮り】抱きしめたくなる程に華奢で可愛い。彼氏もいなくて恋に臆病な女大生は、実はチンポが大好き！！変態むっつり女を生チンポ中出し教育です。""></a>",,
FC2-PPV-4738602 本日迄！70OFF！【顔射/中出し/2射精】 スレンダーでデカ尻の19歳.帰国◯女。海外仕込みの欲望に素直な肉体の交歓。オープンなエロさに翻弄され、理性保てず顔面フィニッシュ‼︎,https://storage200000.contents.fc2.com/file/385/38454154/1754297859.74.jpg,https://adult.contents.fc2.com/article/4738602/,https://adult.contents.fc2.com/article/4738602/?affuid=TXpnM01qYzFNalk9,"<a href=""https://adult.contents.fc2.com/article/4738602/?affuid=TXpnM01qYzFNalk9"" target=""_blank"" rel=""noopener""><img src=""https://storage200000.contents.fc2.com/file/385/38454154/1754297859.74.jpg"" alt=""FC2-PPV-4738602 本日迄！70OFF！【顔射/中出し/2射精】 スレンダーでデカ尻の19歳.帰国◯女。海外仕込みの欲望に素直な肉体の交歓。オープンなエロさに翻弄され、理性保てず顔面フィニッシュ‼︎""></a>",,
FC2-PPV-4739587 本日迄！半額！【初撮り】【半外半中】コンカフェで働く不思議ちゃんは好きの感度良好ドすけべドM女。剛毛まんこにパッチリお目めの不思議な瞳、引き込まれる雰囲気にちんちんが覚醒、一挙4射精で絶好調。,https://storage200000.contents.fc2.com/file/385/38454154/1754424992.66.jpg,https://adult.contents.fc2.com/article/4739587/,https://adult.contents.fc2.com/article/4739587/?affuid=TXpnM01qYzFNalk9,"<a href=""https://adult.contents.fc2.com/article/4739587/?affuid=TXpnM01qYzFNalk9"" target=""_blank"" rel=""noopener""><img src=""https://storage200000.contents.fc2.com/file/385/38454154/1754424992.66.jpg"" alt=""FC2-PPV-4739587 本日迄！半額！【初撮り】【半外半中】コンカフェで働く不思議ちゃんは好きの感度良好ドすけべドM女。剛毛まんこにパッチリお目めの不思議な瞳、引き込まれる雰囲気にちんちんが覚醒、一挙4射精で絶好調。""></a>",,
FC2-PPV-4741004 史上最高の可愛さ18歳。上目遣いでたまらない可愛さ、あまりの気持ちよさに生中出し。,https://storage200000.contents.fc2.com/file/388/38756393/1754816307.06.png,https://adult.contents.fc2.com/article/4741004/,https://adult.contents.fc2.com/article/4741004/?affuid=TXpnM01qYzFNalk9,"<a href=""https://adult.contents.fc2.com/article/4741004/?affuid=TXpnM01qYzFNalk9"" target=""_blank"" rel=""noopener""><img src=""https://storage200000.contents.fc2.com/file/388/38756393/1754816307.06.png"" alt=""FC2-PPV-4741004 史上最高の可愛さ18歳。上目遣いでたまらない可愛さ、あまりの気持ちよさに生中出し。""></a>",,
FC2-PPV-4741172 本日迄！70OFF！【顔射解禁】4人の男に順番にまわされる極上女神の最新作。神々しい姿に制欲全開放のたっぷり4射精。,https://storage200000.contents.fc2.com/file/385/38454154/1754635717.26.jpg,https://adult.contents.fc2.com/article/4741172/,https://adult.contents.fc2.com/article/4741172/?affuid=TXpnM01qYzFNalk9,"<a href=""https://adult.contents.fc2.com/article/4741172/?affuid=TXpnM01qYzFNalk9"" target=""_blank"" rel=""noopener""><img src=""https://storage200000.contents.fc2.com/file/385/38454154/1754635717.26.jpg"" alt=""FC2-PPV-4741172 本日迄！70OFF！【顔射解禁】4人の男に順番にまわされる極上女神の最新作。神々しい姿に制欲全開放のたっぷり4射精。""></a>",,
,,https://adult.contents.fc2.com/article/4741737/,https://adult.contents.fc2.com/article/4741737/?affuid=TXpnM01qYzFNalk9,"<a href=""https://adult.contents.fc2.com/article/4741737/?affuid=TXpnM01qYzFNalk9"" target=""_blank"" rel=""noopener""><img src="""" alt=""""></a>",,
,,https://adult.contents.fc2.com/article/4741989/,https://adult.contents.fc2.com/article/4741989/?affuid=TXpnM01qYzFNalk9,"<a href=""https://adult.contents.fc2.com/article/4741989/?affuid=TXpnM01qYzFNalk9"" target=""_blank"" rel=""noopener""><img src="""" alt=""""></a>",,
