title,thumbnail,product_url,aff_url,link_tag,slug
FC2-PPV-4740565 本物アイドル。ピンク色あざとい担当。段々とメス顔になるまでの全てが詰まった１時間０５分を限定公開。,https://storage200000.contents.fc2.com/file/388/38756402/1754642070.37.png,https://adult.contents.fc2.com/article/4740565/,https://adult.contents.fc2.com/article/4740565/?affuid=TXpnM01qYzFNalk9,,fc2-4740565
FC2-PPV-4724679 史上最高の可愛さ女子大生18歳。国宝級細身爆乳の体と可愛すぎる顔をを見ながら種付け孕ませた動画。,https://storage200000.contents.fc2.com/file/388/38756402/1752736093.29.png,https://adult.contents.fc2.com/article/4724679/,https://adult.contents.fc2.com/article/4724679/?affuid=TXpnM01qYzFNalk9,,fc2-4724679
FC2-PPV-4730615 ＼やらせて／ジ◯リちゃん~本番編~,https://storage200000.contents.fc2.com/file/114/11382951/1753013660.89.jpg,https://adult.contents.fc2.com/article/4730615/,https://adult.contents.fc2.com/article/4730615/?affuid=TXpnM01qYzFNalk9,,fc2-4730615
FC2-PPV-4738713 アイドルセンター級の可愛さ18歳。低身長でスレンダー巨乳な体、未処理の剛毛に2回の中出し。,https://storage200000.contents.fc2.com/file/388/38756364/1754391581.84.png,https://adult.contents.fc2.com/article/4738713/,https://adult.contents.fc2.com/article/4738713/?affuid=TXpnM01qYzFNalk9,,fc2-4738713
FC2-PPV-4738602 3日間！70OFF！【顔射/中出し/2射精】 スレンダーでデカ尻の19歳.帰国◯女。海外仕込みの欲望に素直な肉体の交歓。オープンなエロさに翻弄され、理性保てず顔面フィニッシュ‼︎,https://storage200000.contents.fc2.com/file/385/38454154/1754297859.74.jpg,https://adult.contents.fc2.com/article/4738602/,https://adult.contents.fc2.com/article/4738602/?affuid=TXpnM01qYzFNalk9,,fc2-4738602
FC2-PPV-4736557 アイドルセンター級圧倒的可愛さ18歳。純白スレンダーな体をガン突いて中出し。,https://storage200000.contents.fc2.com/file/388/38756364/1754125439.38.png,https://adult.contents.fc2.com/article/4736557/,https://adult.contents.fc2.com/article/4736557/?affuid=TXpnM01qYzFNalk9,,fc2-4736557
FC2-PPV-4734594 3日間！70OFF！野暮ったさが愛おしい巨乳素人。拒まれるキス、、なのに感度は良好、立派に育ったお乳は特に敏感。心とは裏腹で潤沢に濡れる膣内へペニス挿入、膣奥射精。,https://storage200000.contents.fc2.com/file/385/38454154/1753779855.75.jpg,https://adult.contents.fc2.com/article/4734594/,https://adult.contents.fc2.com/article/4734594/?affuid=TXpnM01qYzFNalk9,,fc2-4734594
FC2-PPV-4724260 超ドM淫乱女子大生。極上の美尻を持つ体を玩具にして中出し。,https://storage200000.contents.fc2.com/file/388/38756393/1752576071.82.png,https://adult.contents.fc2.com/article/4724260/,https://adult.contents.fc2.com/article/4724260/?affuid=TXpnM01qYzFNalk9,,fc2-4724260
FC2-PPV-4741989 マチュにたっぷりフェラ調教♡,https://storage200000.contents.fc2.com/file/114/11382951/1754810007.69.jpeg,https://adult.contents.fc2.com/article/4741989/,https://adult.contents.fc2.com/article/4741989/?affuid=TXpnM01qYzFNalk9,,fc2-4741989
FC2-PPV-4741172 3日間！70OFF！【顔射解禁】4人の男に順番にまわされる極上女神の最新作。神々しい姿に制欲全開放のたっぷり4射精。,https://storage200000.contents.fc2.com/file/385/38454154/1754635717.26.jpg,https://adult.contents.fc2.com/article/4741172/,https://adult.contents.fc2.com/article/4741172/?affuid=TXpnM01qYzFNalk9,,fc2-4741172
FC2-PPV-4731164 アイドル志望 SSS級 奇跡の顔面18歳美女。車内即尺口内射精、どの瞬間でも可愛いすぎる顔を見ながら中出し2連発。,https://storage200000.contents.fc2.com/file/388/38756393/1753262321.54.png,https://adult.contents.fc2.com/article/4731164/,https://adult.contents.fc2.com/article/4731164/?affuid=TXpnM01qYzFNalk9,,fc2-4731164
FC2-PPV-4734099 【ドスケベ二人収録】THE FUCK！！！ 絶叫！痙攣！止まらない絶頂の嵐！超絶感度の早漏妻が魅せるド派手なイキッぷり！　その6,https://storage200000.contents.fc2.com/file/397/39681335/1753513099.27.jpg,https://adult.contents.fc2.com/article/4734099/,https://adult.contents.fc2.com/article/4734099/?affuid=TXpnM01qYzFNalk9,,fc2-4734099
FC2-PPV-4734045 THE FUCK！！！ 絶叫！痙攣！止まらない絶頂の嵐！超絶感度の早漏妻が魅せるド派手なイキッぷり！　その3,https://storage200000.contents.fc2.com/file/397/39681335/1753506979.16.jpg,https://adult.contents.fc2.com/article/4734045/,https://adult.contents.fc2.com/article/4734045/?affuid=TXpnM01qYzFNalk9,,fc2-4734045
FC2-PPV-4722883 史上最高に可愛い女子大生18歳。愛液だらけ潮吹きまくりで絶頂するも、中出しにはブチギレ放心状態。,https://storage200000.contents.fc2.com/file/388/38756393/1752396751.29.png,https://adult.contents.fc2.com/article/4722883/,https://adult.contents.fc2.com/article/4722883/?affuid=TXpnM01qYzFNalk9,,fc2-4722883
FC2-PPV-4595631 【顔出し】2024年ヌキ納めの超大作。全てがありのままの圧倒的ビジュアルに制欲全開放‼︎2射精フェラ抜き&amp;中出し,https://storage103000.contents.fc2.com/file/385/38454154/1735310962.67.jpg,https://adult.contents.fc2.com/article/4595631/,https://adult.contents.fc2.com/article/4595631/?affuid=TXpnM01qYzFNalk9,,fc2-4595631
FC2-PPV-4736096 地雷系美女子とハメ撮り②,https://storage200000.contents.fc2.com/file/114/11382951/1753853957.72.jpg,https://adult.contents.fc2.com/article/4736096/,https://adult.contents.fc2.com/article/4736096/?affuid=TXpnM01qYzFNalk9,,fc2-4736096
FC2-PPV-4733953 【素人】八重歯のぞく笑顔、満点♡アナル舐め好き＆声フェチ絶対に見るべし！,https://storage200000.contents.fc2.com/file/397/39681335/1753493784.11.jpg,https://adult.contents.fc2.com/article/4733953/,https://adult.contents.fc2.com/article/4733953/?affuid=TXpnM01qYzFNalk9,,fc2-4733953
FC2-PPV-4732246 【五等分の花嫁】四葉チャンとハメ撮り！,https://storage200000.contents.fc2.com/file/114/11382951/1753286058.58.jpg,https://adult.contents.fc2.com/article/4732246/,https://adult.contents.fc2.com/article/4732246/?affuid=TXpnM01qYzFNalk9,,fc2-4732246
FC2-PPV-4730237 145cm細身爆乳18歳。ショートが似合う細身巨乳に妊娠させたく中出しした動画。,https://storage200000.contents.fc2.com/file/388/38756393/1753082477.54.png,https://adult.contents.fc2.com/article/4730237/,https://adult.contents.fc2.com/article/4730237/?affuid=TXpnM01qYzFNalk9,,fc2-4730237
FC2-PPV-4738718 【奇跡の映像】CM ドラマ 映画出演女優。潮吹いて挿入懇願中出しメス顔で堕ちるまで。‐早期購入推奨‐,https://storage200000.contents.fc2.com/file/388/38756393/1754474452.54.png,https://adult.contents.fc2.com/article/4738718/,https://adult.contents.fc2.com/article/4738718/?affuid=TXpnM01qYzFNalk9,,fc2-4738718
FC2-PPV-4733502 黒髪清楚はドスケベの印。淫乱な本性を黒髪清楚な見た目で隠し、けれど一皮むけば本性が見えるものです…。　その8,https://storage200000.contents.fc2.com/file/397/39681335/1753425250.85.jpg,https://adult.contents.fc2.com/article/4733502/,https://adult.contents.fc2.com/article/4733502/?affuid=TXpnM01qYzFNalk9,,fc2-4733502
FC2-PPV-4733946 【おすすめにつきお試し一日限定価格】黒髪清楚はドスケベの印。淫乱な本性を黒髪清楚な見た目で隠し、けれど一皮むけば本性が見えるものです…。　その12,https://storage200000.contents.fc2.com/file/397/39681335/1753492626.11.jpg,https://adult.contents.fc2.com/article/4733946/,https://adult.contents.fc2.com/article/4733946/?affuid=TXpnM01qYzFNalk9,,fc2-4733946
FC2-PPV-4738296 グラドル級細身爆乳女子大生18歳。極上のスタイル自ら腰を振り絶景を前に我慢できず大量射精。,https://storage200000.contents.fc2.com/file/388/38756393/1754207525.77.png,https://adult.contents.fc2.com/article/4738296/,https://adult.contents.fc2.com/article/4738296/?affuid=TXpnM01qYzFNalk9,,fc2-4738296
FC2-PPV-4731463 本日迄！70OFF！【人妻】【潮吹き】セックスレスが生んだ奇跡の美人妻。理想的なお椀美乳、スジの通った腹筋はフル勃起不可避のモデル級神裸体。他人棒で鳴きまくる奥様に中出しプレス。,https://storage200000.contents.fc2.com/file/385/38454154/1753261396.01.jpg,https://adult.contents.fc2.com/article/4731463/,https://adult.contents.fc2.com/article/4731463/?affuid=TXpnM01qYzFNalk9,,fc2-4731463
FC2-PPV-4736949 3日間！半額！【初撮り】抱きしめたくなる程に華奢で可愛い。彼氏もいなくて恋に臆病な女大生は、実はチンポが大好き！！変態むっつり女を生チンポ中出し教育です。,https://storage200000.contents.fc2.com/file/385/38454154/1754039983.27.jpg,https://adult.contents.fc2.com/article/4736949/,https://adult.contents.fc2.com/article/4736949/?affuid=TXpnM01qYzFNalk9,,fc2-4736949
FC2-PPV-4739587 3日間！半額！【初撮り】【半外半中】コンカフェで働く不思議ちゃんは好きの感度良好ドすけべドM女。剛毛まんこにパッチリお目めの不思議な瞳、引き込まれる雰囲気にちんちんが覚醒、一挙4射精で絶好調。,https://storage200000.contents.fc2.com/file/385/38454154/1754424992.66.jpg,https://adult.contents.fc2.com/article/4739587/,https://adult.contents.fc2.com/article/4739587/?affuid=TXpnM01qYzFNalk9,,fc2-4739587
FC2-PPV-4736559 マンガ雑誌表紙掲載決定の期待の新人アイドルとのハメ撮り映像。‐早期購入推奨‐,https://storage200000.contents.fc2.com/file/388/38756402/1754125853.45.png,https://adult.contents.fc2.com/article/4736559/,https://adult.contents.fc2.com/article/4736559/?affuid=TXpnM01qYzFNalk9,,fc2-4736559
FC2-PPV-4740999 アイドルセンター級の可愛さ女子大生18歳。このルックスに細身爆乳は反則、全体位でガン突き痙攣イキで完堕ち。,https://storage200000.contents.fc2.com/file/388/38756402/1754815453.58.png,https://adult.contents.fc2.com/article/4740999/,https://adult.contents.fc2.com/article/4740999/?affuid=TXpnM01qYzFNalk9,,fc2-4740999
FC2-PPV-4741737 マチュのアナルをディルド挿入！ずぼずぼ開発の後にいよいよチ〇ポが入っていく…♡,https://storage200000.contents.fc2.com/file/114/11382951/1754761720.13.jpeg,https://adult.contents.fc2.com/article/4741737/,https://adult.contents.fc2.com/article/4741737/?affuid=TXpnM01qYzFNalk9,,fc2-4741737
FC2-PPV-4728941 【現〇】デカ尻/いも〇と系グラドル第2章。華やかな表舞台の裏の顔は大量潮吹きをするスケベな女./良。この後、事務所解雇されました。。。,https://storage200000.contents.fc2.com/file/385/38454154/1752829260.76.jpg,https://adult.contents.fc2.com/article/4728941/,https://adult.contents.fc2.com/article/4728941/?affuid=TXpnM01qYzFNalk9,,fc2-4728941
FC2-PPV-4733930 黒髪清楚はドスケベの印。淫乱な本性を黒髪清楚な見た目で隠し、けれど一皮むけば本性が見えるものです…。　その11,https://storage200000.contents.fc2.com/file/397/39681335/1753486861.24.jpg,https://adult.contents.fc2.com/article/4733930/,https://adult.contents.fc2.com/article/4733930/?affuid=TXpnM01qYzFNalk9,,fc2-4733930
FC2-PPV-4734022 THE FUCK！！！ 絶叫！痙攣！止まらない絶頂の嵐！超絶感度の早漏妻が魅せるド派手なイキッぷり！　その2,https://storage200000.contents.fc2.com/file/397/39681335/1753505074.08.jpg,https://adult.contents.fc2.com/article/4734022/,https://adult.contents.fc2.com/article/4734022/?affuid=TXpnM01qYzFNalk9,,fc2-4734022
FC2-PPV-4734057 THE FUCK！！！ 絶叫！痙攣！止まらない絶頂の嵐！超絶感度の早漏妻が魅せるド派手なイキッぷり！　その4,https://storage200000.contents.fc2.com/file/397/39681335/1753508879.09.jpg,https://adult.contents.fc2.com/article/4734057/,https://adult.contents.fc2.com/article/4734057/?affuid=TXpnM01qYzFNalk9,,fc2-4734057
FC2-PPV-4722873 2022年ミスコン受賞生19歳。経験極小の純白スレンダーな体を壊れる程潮吹きさせ中出しした動画。,https://storage200000.contents.fc2.com/file/388/38756402/1752311317.72.png,https://adult.contents.fc2.com/article/4722873/,https://adult.contents.fc2.com/article/4722873/?affuid=TXpnM01qYzFNalk9,,fc2-4722873
FC2-PPV-4741750 【人妻×不倫×鬼突き】鬼突きハードピストン！終わりの見えない快楽に喘ぎ悶える！夫以外に膣内を穢される…　その2,https://storage200000.contents.fc2.com/file/397/39681335/1754779450.27.jpg,https://adult.contents.fc2.com/article/4741750/,https://adult.contents.fc2.com/article/4741750/?affuid=TXpnM01qYzFNalk9,,fc2-4741750
FC2-PPV-4730234 アイドルセンター級に可愛い18歳。鍛え上げられた細身の体に男2人で妊娠させたく種付け中出し。,https://storage200000.contents.fc2.com/file/388/38756402/1753002519.85.png,https://adult.contents.fc2.com/article/4730234/,https://adult.contents.fc2.com/article/4730234/?affuid=TXpnM01qYzFNalk9,,fc2-4730234
FC2-PPV-4731158 アイドル級に可愛い才色兼備の18歳。初撮影で緊張と恥じらいの中、生挿入で号泣中出しで完堕ち。,https://storage200000.contents.fc2.com/file/388/38756402/1753172897.6.png,https://adult.contents.fc2.com/article/4731158/,https://adult.contents.fc2.com/article/4731158/?affuid=TXpnM01qYzFNalk9,,fc2-4731158
FC2-PPV-4725114 【複数】【絶望の狭間 望まない妊娠】『同情するなら金をくれ』 妊娠の根源となったSEXを記録した貴重映像。猿ぐつわを装着した醜態、顔射、追撃中出し、肉便企画で孕んだ哀れな。。。,https://storage200000.contents.fc2.com/file/385/38454154/1752656462.09.jpg,https://adult.contents.fc2.com/article/4725114/,https://adult.contents.fc2.com/article/4725114/?affuid=TXpnM01qYzFNalk9,,fc2-4725114
FC2-PPV-4733095 本日迄！70OFF！【2025年も絶対1番可愛い】奇跡再来！大人の階段を上る極上女神。念願の7P肉便企画。,https://storage107000.contents.fc2.com/file/385/38454154/1753383080.81.jpg,https://adult.contents.fc2.com/article/4733095/,https://adult.contents.fc2.com/article/4733095/?affuid=TXpnM01qYzFNalk9,,fc2-4733095
FC2-PPV-4738720 【奇跡の映像②】CM ドラマ 映画出演女優。寝取り願望の夫に懇願され目の前で強制無断中出しされメス顔で完堕ちまで。‐早期購入推奨‐,https://storage200000.contents.fc2.com/file/388/38756393/1754474615.48.png,https://adult.contents.fc2.com/article/4738720/,https://adult.contents.fc2.com/article/4738720/?affuid=TXpnM01qYzFNalk9,,fc2-4738720
FC2-PPV-4738714 アイドルセンター級の可愛さ女子大生19歳。可愛すぎる顔がガン突きでアヘ顔連発、最奥に中出しで妊娠確定。,https://storage200000.contents.fc2.com/file/388/38756402/1754559330.26.png,https://adult.contents.fc2.com/article/4738714/,https://adult.contents.fc2.com/article/4738714/?affuid=TXpnM01qYzFNalk9,,fc2-4738714
FC2-PPV-4731037 【ブルアカ】チアアスナにイラマ、生ハメ、**二穴、最後はアナルに挿入中出し！,https://storage200000.contents.fc2.com/file/114/11382951/1753101057.29.jpg,https://adult.contents.fc2.com/article/4731037/,https://adult.contents.fc2.com/article/4731037/?affuid=TXpnM01qYzFNalk9,,fc2-4731037
FC2-PPV-4724253 あの雑誌表紙現グラドルとのハメ撮り。奇跡のようなスタイルに孕ませ中出しまで。,https://storage200000.contents.fc2.com/file/388/38756402/1752575281.63.png,https://adult.contents.fc2.com/article/4724253/,https://adult.contents.fc2.com/article/4724253/?affuid=TXpnM01qYzFNalk9,,fc2-4724253
FC2-PPV-4587943 【2024年絶対1番可愛い】帰ってきた超新星‼︎あれから1年、奇跡の上上上上玉。5射精,https://storage102000.contents.fc2.com/file/385/38454154/1733951134.68.jpg,https://adult.contents.fc2.com/article/4587943/,https://adult.contents.fc2.com/article/4587943/?affuid=TXpnM01qYzFNalk9,,fc2-4587943
FC2-PPV-4741004 史上最高の可愛さ18歳。上目遣いでたまらない可愛さ、あまりの気持ちよさに生中出し。,https://storage200000.contents.fc2.com/file/388/38756393/1754816307.06.png,https://adult.contents.fc2.com/article/4741004/,https://adult.contents.fc2.com/article/4741004/?affuid=TXpnM01qYzFNalk9,,fc2-4741004
FC2-PPV-4730430 速報！ジュリとハメ撮り！（＼やらせて／ジュリちゃん予告編）,https://storage200000.contents.fc2.com/file/114/11382951/1752991939.63.jpg,https://adult.contents.fc2.com/article/4730430/,https://adult.contents.fc2.com/article/4730430/?affuid=TXpnM01qYzFNalk9,,fc2-4730430
FC2-PPV-4731898 色白細身の女子大生2年生。行為中に彼氏に電話させ中出しした動画を限定公開。,https://storage200000.contents.fc2.com/file/388/38756402/1753439240.2.png,https://adult.contents.fc2.com/article/4731898/,https://adult.contents.fc2.com/article/4731898/?affuid=TXpnM01qYzFNalk9,,fc2-4731898
FC2-PPV-4723546 爆乳好きの男なら絶対にこれがオススメ！おっぱい星人勃起射精が止まらないこと間違いなしのデカパイ天国！！　その4,https://storage200000.contents.fc2.com/file/397/39681335/1752299155.87.jpg,https://adult.contents.fc2.com/article/4723546/,https://adult.contents.fc2.com/article/4723546/?affuid=TXpnM01qYzFNalk9,,fc2-4723546
FC2-PPV-4730632 本日迄！70OFF！【神おっぱい】美巨乳で巨尻のぬくもり感、最上級。謎のグミ投入、心も体もホットになって大胆にイキまくる！締め付け最強の肉厚ボディに溜まったザーメン全解放。,https://storage200000.contents.fc2.com/file/385/38454154/1753088301.6.jpg,https://adult.contents.fc2.com/article/4730632/,https://adult.contents.fc2.com/article/4730632/?affuid=TXpnM01qYzFNalk9,,fc2-4730632
FC2-PPV-4731156 18歳。アイドルセンター級に可愛い顔に口内射精。色白スレンダーな体をガン突いて赤面中出しで完堕ち。,https://storage200000.contents.fc2.com/file/388/38756364/1753172460.59.png,https://adult.contents.fc2.com/article/4731156/,https://adult.contents.fc2.com/article/4731156/?affuid=TXpnM01qYzFNalk9,,fc2-4731156
